year,month,revenue,volume
2016,1,26342.541000000005,46
2016,2,43080.465000000004,36
2016,3,26010.590999999997,47
2016,4,22001.467999999997,46
2016,5,22387.352799999997,57
